/*
 * Copied from movieDBScript
 * We need to change this to make it how the hunting database should be
 */

/* Delete the tables if they already exist */
drop table if exists District;
drop table if exists Hunter;
drop table if exists Tags;
drop table if exists Employee;
drop table if exists District;
drop table if exists Hunting_trip;
drop table if exists Harvest_estimate;


/* Create the schema for our tables */
CREATE TABLE District(
District_id integer PRIMARY KEY,
Name varchar(64),
Area varchar(32) NOT NULL);

CREATE TABLE Hunter(
Hunter_id integer PRIMARY KEY,
Fname text NOT NULL,
Minit text,
Lname text NOT NULL,
Resident text);

CREATE TABLE Tags(
Tag_id integer,
Hunter_id integer REFERENCES Hunter(Hunter_id),
District_id integer REFERENCES District(District_id),
Animal text,
Bow_rifle text,
Liscense_year integer NOT NULL,
PRIMARY KEY (Tag_id,Hunter_id,District_id));

CREATE TABLE Employee(
Ssn integer PRIMARY KEY,
Fname text NOT NULL,
Minit text,
Lname text NOT NULL,
Hours_worked int);

CREATE TABLE Hunting_trip(
Trip_id integer,
Tag_id integer REFERENCES Tags(Tag_id),
Hunter_id integer REFERENCES Hunter(Hunter_id),
ESsn integer REFERENCES Employee(Ssn),
Harvest text NOT NULL,
Points integer,
First_year text,
Days integer,
PRIMARY KEY (Trip_id, Tag_id, Hunter_id));

CREATE TABLE Harvest_estimate(
Liscense_year integer NOT NULL,
District integer REFERENCES District(District_id),
Animal varchar(32) NOT NULL,
Num_hunters integer,
Residency text,
Total_harvest integer,
Days_hunted integer,
Num_males integer,
Num_females integer,
Num_first_years integer,
Num_points integer,
PRIMARY KEY (Liscense_year, District, Animal));


/* Populate the tables with our data */

INSERT INTO District (District_id,Name, Area) VALUES (282,"Bob Marshall Wilderness Complex",40.83749031),
(141,"Bob Marshall Wilderness Complex",339.72107337),
(415,"Bob Marshall Wilderness Complex",206.52463401),
(441,"Bob Marshall Wilderness Complex",595.29178007),
(422,"Bob Marshall Wilderness Complex",369.34070977),
(424,"Bob Marshall Wilderness Complex",94.85079807),
(343,"Granite Butte",245.52838773),
(418,"Little Belts",480.10228504),
(580,"Crazy Mountain",1126.80065178),
(540,"Little Belts",583.15786689),
(425,"Bob Marshall Wilderness Complex",142.84980031),
(315,"Crazy Mountain",579.28442383),
(132,"North Swan-Flathead Valley",255.78230231),
(451,"Bridger",141.84217461),
(314,"Gallatin/Madison",483.69271997),
(390,"Bridger",245.76098063),
(291,"Garnet",321.60986088),
(261,"Rock Creek",214.48865145),
(123,"Lower Clark Fork",243.60798521),
(316,"Northern Yellowstone",466.42152824),
(240,"Bitterroot",838.42069402),
(500,"Mid-Yellowstone",1498.63153183),
(101,"Salish",586.73462163),
(103,"Salish",853.86397625),
(120,"Salish",492.89138376),
(650,"Hi-Line",1503.41365637),
(700,"Missouri Rivers Breaks",2786.06285015),
(213,"Flint Creek",218.1803962),
(150,"Bob Marshall Wilderness Complex",810.77831097),
(417,"Missouri Rivers Breaks",865.75965561),
(405,"Golden Triangle",470.94457937),
(293,"Granite Butte",444.41047329),
(410,"Missouri Rivers Breaks",1594.56090185),
(432,"Little Belts",491.56066038),
(471,"Golden Triangle",752.72673003),
(703,"Hi-Line",5458.27044542),
(317,"Absaroka",425.6126412),
(454,"Little Belts",207.99339199),
(705,"Custer Forest",6164.36416397),
(122,"Salish",713.21830142),
(419,"Golden Triangle",583.56611176),
(442,"Bob Marshall Wilderness Complex",387.20581041),
(404,"Golden Triangle",2264.43745447),
(210,"Rock Creek",488.26881928),
(211,"Sapphire",331.74740206),
(445,"Devil's Kitchen",689.10602525),
(329,"Pioneer",692.00247036),
(284,"Granite Butte",17.03287251),
(327,"Gravelly",703.45924227),
(321,"Sapphire",473.22323284),
(323,"Gravelly",184.85988034),
(320,"Tobacco Root",420.79724307),
(370,"Highland",184.64427097),
(334,"Sapphire",313.12319916),
(302,"Tendoy",396.69804434),
(170,"North Swan-Flathead Valley",247.93489308),
(421,"Birdtail Hills",329.32444872),
(448,"Little Belts",383.71526791),
(292,"Garnet",483.99160489),
(285,"Bob Marshall Wilderness Complex",486.04986687),
(202,"Lower Clark Fork",716.01299102),
(560,"Absaroka",872.14598568),
(416,"Little Belts",445.70005467),
(301,"Gallatin/Madison",328.46287449),
(690,"Bears Paw",2885.52133687),
(651,"Hi-Line",2164.04751633),
(121,"Lower Clark Fork",976.04041105),
(100,"Purcell",1407.22141916),
(328,"Tendoy",298.47186385),
(530,"Snowy",2045.32034513),
(325,"Gravelly",633.73213517),
(330,"Gravelly",333.40960797),
(340,"Highland",851.92701579),
(331,"Pioneer",744.67429289),
(109,"Whitefish",254.48402599),
(380,"Elkhorn",1137.6982729),
(452,"Castle Mountains",163.94585958),
(309,"Gallatin/Madison",172.63079836),
(641,"Hi-Line",808.29530126),
(215,"Deer Lodge",580.06413019),
(203,"Ninemile",411.93642742),
(110,"Whitefish",793.77100752),
(283,"Garnet",358.43417553),
(339,"Granite Butte",294.21509532),
(310,"Gallatin/Madison",269.92801642),
(333,"Tobacco Root",535.90946247),
(420,"Little Belts",77.35289003),
(322,"Gravelly",455.59289475),
(250,"West Fork",554.84217649),
(312,"Bridger",494.84377599),
(151,"Bob Marshall Wilderness Complex",357.87702867),
(680,"Bears Paw",1103.14882173),
(130,"Bob Marshall Wilderness Complex",619.59227825),
(214,"Sapphire",191.31909915),
(318,"Deer Lodge",275.05776365),
(388,"Granite Butte",195.72335977),
(403,"Golden Triangle",660.7037873),
(652,"Hi-Line",288.59157966),
(140,"Bob Marshall Wilderness Complex",790.23125177),
(447,"Highwood",883.5467428),
(324,"Gravelly",462.77369778),
(319,"Fleecer",449.17992352),
(423,"Birdtail Hills",214.04078985),
(102,"Salish",559.21179873),
(406,"Golden Triangle",706.51175405),
(298,"Garnet",151.54225757),
(575,"Mid-Yellowstone",815.66444878),
(212,"Flint Creek",386.41415318),
(350,"Highland",351.46200383),
(391,"Bridger",472.45685097),
(326,"Gravelly",268.99409602),
(411,"Snowy",1283.27632621),
(511,"Snowy",719.50595891),
(704,"Custer Forest",5429.35294955),
(520,"Absaroka",1118.92892428),
(510,"Mid-Yellowstone",621.90040339),
(621,"Missouri Rivers Breaks",802.30455598),
(622,"Missouri Rivers Breaks",626.97001528),
(631,"Missouri Rivers Breaks",241.78208013),
(412,"Snowy",657.51123209),
(392,"Big Belt",250.71361366),
(217,"Flint Creek",165.603606),
(204,"Rock Creek",403.00499814),
(200,"Lower Clark Fork",237.0793096),
(632,"Missouri Rivers Breaks",241.56821441),
(630,"Missouri Rivers Breaks",1145.54755345),
(620,"Missouri Rivers Breaks",1719.61500541),
(670,"Hi-Line",3517.14032794),
(611,"Hi-Line",1803.15174582),
(216,"Rock Creek",296.25520291),
(290,"Garnet",52.69688333),
(362,"Gallatin/Madison",306.19849283),
(444,"Golden Triangle",552.71194425),
(450,"Teton River",317.5216565),
(426,"Missouri Rivers Breaks",841.6554867),
(270,"Sapphire",663.87948659),
(280,"Bob Marshall Wilderness Complex",304.6115656),
(446,"East Big Belt",593.44092454),
(332,"Pioneer",616.84307609),
(360,"Gallatin/Madison",435.7214624),
(311,"Gallatin/Madison",827.02492181),
(640,"Hi-Line",1619.39433197),
(341,"Fleecer",171.66575261),
(600,"Hi-Line",3061.12193527),
(401,"Sweetgrass Hills",1810.47831832),
(300,"Tendoy",326.50909863),
(400,"Golden Triangle",1890.67823758),
(455,"Devil's Kitchen",65.09729071),
(262,"Bitterroot",124.75743733),
(281,"Bob Marshall Wilderness Complex",378.64562454),
(260,"Bitterroot",154.52944937),
(393,"Bridger",616.5867013),
(701,"Missouri Rivers Breaks",7218.46686999),
(201,"Ninemile",528.0522589),
(124,"Lower Clark Fork",130.86754855),
(104,"Lower Clark Fork",755.80335529),
(313,"Northern Yellowstone",251.77197765),
(570,"Mid-Yellowstone",1040.22555977),
(449,"Castle Mountains",174.31776657),
(335,"Deer Lodge",217.4145799),
(590,"Bull Mountain",2915.35449749),
(413,"Little Belts",879.50520997),
(702,"Custer Forest",2760.62436618),
(502,"Mid-Yellowstone",726.8187685),
(361,"Gallatin/Madison",224.95168182);

INSERT INTO Hunter (Hunter_id, Fname,Minit, Lname, Resident)
VALUES  (111111, "Jeff", "L", "Baxter", "Montana"),
        (111112, "Bill", "T", "Boible", "Montana"),
        (111113, "Freddy", "G", "Mercury", "North Dakota"),
        (123456, "Koch", "E", "Babcock", "Idaho"),
        (123457, "Gooch", "F", "Hill", "Montana"),
        (109344, "Alfred", "D", "Stucky", "Montana"),
        (108457, "John", "Q", "Wonton", "Montana"),
        (123467, "Beese", "M", "Churger", "Wyoming");

INSERT INTO Tags (Tag_id, Hunter_id,District_id, Animal, Bow_rifle, Liscense_year)
VALUES  (0001, 111111, 314, "Elk Bull", "Rifle", 2019),
        (0002, 111111, 314, "Mule Deer Buck", "Rifle", 2018),
        (0003, 111113, 314, "Elk Cow", "Bow", 2019),
        (0004, 123467, 314, "Elk Bull", "Rifle", 2017),
        (0005, 108457, 314, "Elk Cow", "Bow", 2019),
        (0006, 108457, 314, "Bear", "Rifle", 2019),
        (0007, 123457, 314, "White Tail Deer Doe", "Rifle", 2018),
        (0008, 123457, 314, "Elk Cow", "Bow", 2020);

INSERT INTO Employee (Ssn, Fname, Minit, Lname, Hours_worked)
VALUES  (000112222, "Saul", "T", "Bowser", "40"),
        (111223333, "Jackson", "A", "Woofer", "20"),
        (222334444, "Thomas", "D", "Woofer", "32"),
        (123456789, "Caleb", "West", "Couser", NULL),
        (123455432, "Andrew", "C", "Dixon", "3");

INSERT INTO Hunting_trip(Trip_id, Tag_id, Hunter_id, ESsn, Harvest, Points, First_year)
VALUES  (001, 0002, 111111, 000112222, "true", 16, "false"),
        (002, 0004, 123467, 111223333, "true", 4, "true"),
        (003, 0007, 123457, 222334444, "false", null, null),
        (004, 0006, 123456, 123455432, "true", 3, "false"),
        (005, 0003, 123467, 123456789, "false", null, null);

INSERT INTO Harvest_estimate(Liscense_year, District,Animal, Num_hunters, Residency, Total_harvest, Days_hunted, Num_males, Num_females, Num_first_years, Num_points)
VALUES  (2015, 314,"Elk Bull", 30, "Montana", 4, 15, 35, 25, 4, 40),
        (2016, 314,"Mule Deer Buck", 45, "Montana", 5, 15, 35, 25, 4, 43),  
        (2017, 314,"Elk Cow", 15, "Montana", 3, 15, 30, 25, 10, 50),
        (2018, 314,"Bear", 15, "Montana", 3, 15, 15, 20, 6, 35),
        (2019, 314
         ,"White Tail Deer Doe", 15, "Montana", 3, 15, 22, 30, 18, 45);
